filename,url
3e68ef1aeec03f1e49c6c29bf39cd71d.txt,https://www.youtube.com/watch?v=GP-2634exqA
8026387e9facfd625d2dbb7c899d05d6.txt,https://www.youtube.com/watch?v=P8ERBy91Y90
d95e9f36d7152c3b079be84495a1a263.txt,https://www.youtube.com/watch?v=20oq7hEoV2A
514585cfedff55a6e978d4f96b1a481f.txt,https://www.youtube.com/watch?v=CmVYGW5CgCc
132aa65eec0d717414ed5eecd3783010.txt,https://www.youtube.com/watch?v=589nCGeWG1w
a51db8b08e5a7b6d7a7a114b8dc4fae8.txt,https://www.youtube.com/watch?v=G2iVj7WKDFk
2afd32e676b149da9d95de6da2760af5.txt,https://www.youtube.com/watch?v=iY1hrai9u2I
1c6ea11abad52f4793ad013fe9f317ef.txt,https://www.youtube.com/watch?v=Jm3KRsgOiHQ
a8be016d7574cff2c548df3e38957244.txt,https://www.youtube.com/watch?v=irHhDMbw3xo
0d34d92fd50a15a523a2e1b092455fba.txt,https://www.youtube.com/watch?v=rsyrZnZ8J2o
c5f7a55a53102b45033d5e9283436985.txt,https://www.youtube.com/watch?v=0w78CHM_ubM
a51db8b08e5a7b6d7a7a114b8dc4fae8.txt,https://www.youtube.com/watch?v=G2iVj7WKDFk
39f66ce6296ce626452ffd68ee8f4daa.txt,https://www.youtube.com/watch?v=sxEqtjLC0aM
07d6884e1d81101c51b37b2e32fc7b9a.txt,https://www.youtube.com/watch?v=mnKm3YP56PY
642ba831477c34020b873113aebbf730.txt,https://www.youtube.com/watch?v=bqhQ2LWBheQ
bcec395eb805a9fb8b773f28e93a80e0.txt,https://www.youtube.com/watch?v=lggqjmQzsGI
dbfdc848115714ce547b3c3503b31c77.txt,https://www.youtube.com/watch?v=6eJHk8JYK2M
fd66ca388ab91297af6504eeb3f2b87b.txt,https://www.youtube.com/watch?v=mmnLkKYvGG8
13d85a834d06932cc4122c715d72350b.txt,https://www.youtube.com/watch?v=2PLvHJTyUAc
becce39f663a06168c8fabf4a7655500.txt,https://www.youtube.com/watch?v=G7xRVW9CfHY
d68d707f757ee02a3799385b84075eb1.txt,https://www.youtube.com/watch?v=hhjn4HVEdy0
77343e551457f6031e3892fa67e5d161.txt,https://www.youtube.com/watch?v=D2V1okCEsiE
3daa9927543fefcc15854a27d8532559.txt,https://www.youtube.com/watch?v=ATK6fm3cYfI
fa0a017a3501a53484ef6c1824a37ec6.txt,https://www.youtube.com/watch?v=MpyTHF2o834
c8cbee25f54b3adf006de8a8d42692b1.txt,https://www.youtube.com/watch?v=3_oq1jABXeY
d68d707f757ee02a3799385b84075eb1.txt,https://www.youtube.com/watch?v=hhjn4HVEdy0
b9f6522b6d78332e006e103069097864.txt,https://www.youtube.com/watch?v=QpzMWQvxXWk
3a062c6e4376b971aa4cea842f70504f.txt,https://www.youtube.com/watch?v=2gRpRHCCn18
9db45a954a8e58b0f55cab6506304980.txt,https://www.youtube.com/watch?v=pYVScuY-GPk
484c3e4b5126fdfc67cb262132cb22f4.txt,https://www.youtube.com/watch?v=d12ra3b_M-0
f2baf3126d72260ef72eb47f9b1c83c2.txt,https://www.youtube.com/watch?v=DkLQtGqQedo
5f3f64fb15cfb2323a1227bb6048cf42.txt,https://www.youtube.com/watch?v=GduT2ZCc26E
8eac02c3a36d3d3be70e6c0eb01cb3c1.txt,https://www.youtube.com/watch?v=Sc-TNxW3PiI
afc3fd814b64646b1b85dc263d973144.txt,https://www.youtube.com/watch?v=za1aA9U4kbI
31b7a83efa00469d827a0a3bf05bbf9d.txt,https://www.youtube.com/watch?v=GJnSBhxWEEg
27f962f3175652bae7ecc95c29b06380.txt,https://www.youtube.com/watch?v=iRjx63W4Sg8
6c1410619b899ce8330d4c7a75cf5c7c.txt,https://www.youtube.com/watch?v=wjKvyk8xStg
b2ea7e9633b2f632fc693769e69ec34b.txt,https://www.youtube.com/watch?v=bm3fQ7g-EPM
f8d13ab109affa36b4eeecada39907f6.txt,https://www.youtube.com/watch?v=T19pJev9BPg
75ccbc2a0bbe48e7947171d8afab33a1.txt,https://www.youtube.com/watch?v=fnupA1nWrHM
de802f6beed50b5646e4c9a059c6e609.txt,https://www.youtube.com/watch?v=W01tIRP_Rqs
ae01929b21a87a836f6aa26e7bfa03a6.txt,https://www.youtube.com/watch?v=vbp2mco2c7U
2afb6bf4042a86062d6c0afd9ddd1203.txt,https://www.youtube.com/watch?v=1FZ0A1QCMWc
1cdb7d68c28673fb81f76844c4bab010.txt,https://www.youtube.com/watch?v=g9oESGzcA84
9c069b9103cf3bee93063d1832d31c5a.txt,https://www.youtube.com/watch?v=owI7zxCqNY0
848c20e0e9f1687a58e65a5fb3f06977.txt,https://www.youtube.com/watch?v=gPfgB4ew3RY
a34d324e4c17b5479b9899a6e003eac7.txt,https://www.youtube.com/watch?v=CtsRRUddV2s
ea6de682a52f3549bbed3feedda76d36.txt,https://www.youtube.com/watch?v=zPG4NjIkCjc
dbd6723e6a20d01e153ebec89d5dd59a.txt,https://www.youtube.com/watch?v=EkAQAi3a4js
9dd27fd12909029f0ab39343ff5fa8a6.txt,https://www.youtube.com/watch?v=dQNpSa-bq4M
7718e3681c0b86d1db14c2b4d77d0dc0.txt,https://www.youtube.com/watch?v=i3IadpjctWg
87b8351e8a7a18c0f9e98b0f9b95460a.txt,https://www.youtube.com/watch?v=AP_K7SaKkIE
5bc23625c8b29c0beeda0ec13a11eabc.txt,https://www.youtube.com/watch?v=VcrW7BCJLK4
414e92aed9d05969fda0b57400541212.txt,https://www.youtube.com/watch?v=b0L47BeklTE
026d9361de17630e94dc5bf471f2bd24.txt,https://www.youtube.com/watch?v=feDJkDaNuOk
4f99d223c56637886aacd245ecdf8f98.txt,https://www.youtube.com/watch?v=R2Zb5s_RrDU
68b9bb20c2a6d173d283e9657c457676.txt,https://www.youtube.com/watch?v=QptI-vDle8Y
d3af7959ffb5278b99fe04f0b576241d.txt,https://www.youtube.com/watch?v=nGcMl03LPC0
16491879c19ef74a0a1cbad3a9ed7c3a.txt,https://www.youtube.com/watch?v=Qnt2vBRW8Io
73810ffe7b024dc0cc9d53eb7d9a4579.txt,https://www.youtube.com/watch?v=PVxpRs25TAA
baec946b629726a401c7ac82ae1fe2ab.txt,https://www.youtube.com/watch?v=nqNdBlA-j4w
9952ed77568d603f3e6932e3d3557977.txt,https://www.youtube.com/watch?v=SSmpyoIdJTc
66ea08030d3f8e4335cb3b932f265997.txt,https://www.youtube.com/watch?v=_MNgb7nL0oo
5fa83182432bca6dfcf00398c98e1f79.txt,https://www.youtube.com/watch?v=e4c_UP2fSjg
4a96c1bae4311d02c8497c5a728626b1.txt,https://www.youtube.com/watch?v=Q81RR3yKn30
8c12c2e5afe94e5045413c94b8e8ab96.txt,https://www.youtube.com/watch?v=Xm2C_gTAl8c
bc022de979fc1f94e16a952493367432.txt,https://www.youtube.com/watch?v=NGf0voTMlcs
cee705ee119dda2f8b7c60eefecfdd60.txt,https://www.youtube.com/watch?v=VqKq78PVO9g
b87320e4ef32f20eccdfee34116c369e.txt,https://www.youtube.com/watch?v=GMF4Td7KtB0
976544b1198ea8d8b6ecd32b35c9d550.txt,https://www.youtube.com/watch?v=LmpBt0tenJE
73e3174145ad26736fd3ef48d7dcd05c.txt,https://www.youtube.com/watch?v=frdGPG10dOA
7dbba134209aaa2bbde31cbddbf819ed.txt,https://www.youtube.com/watch?v=yXn9b1_T9hY
b3bad3e7dbaa511b90f928f7b96c6db8.txt,https://www.youtube.com/watch?v=yIYKR4sgzI8
9f6de9e99ca4a72e62a03765baa2919b.txt,https://www.youtube.com/watch?v=EKm0spFxFG4
bb8e12762217e8b8c75d5fdbdc3792e6.txt,https://www.youtube.com/watch?v=C5268D9t9Ak
7b0e187ce805d1b59fa42fefaed02cc9.txt,https://www.youtube.com/watch?v=Ax5kqLHls-I
f96deda7b0056fd6601cc45e8bff284b.txt,https://www.youtube.com/watch?v=aL21Y-u0SRs
0648c0a02b5cf759eb30f81378892cad.txt,https://www.youtube.com/watch?v=VK6v9Ure8Lk
6ad122be022015f2cd07691ac06a9321.txt,https://www.youtube.com/watch?v=tGXpvwdYTtA
f9f5c4c7fa1c93f3f9d4687eba9a7776.txt,https://www.youtube.com/watch?v=ZYToTcsDrL8
e4726dc2b186ad0b40d1bab7e3952f03.txt,https://www.youtube.com/watch?v=gkXX4h3qYm4
de8e73f8e935705364fdf8c2e0ba8ecf.txt,https://www.youtube.com/watch?v=v6VJ2RO66Ag
0b33b62542ee896d00d45fda6d0aad8b.txt,https://www.youtube.com/watch?v=J4Wdy0Wc_xQ
4d603c3d6be443995b14d94002b35ddb.txt,https://www.youtube.com/watch?v=uV2gdNt2MLc
cb4d1b0e05e266cd5c745dbea72707cc.txt,https://www.youtube.com/watch?v=dlrYlP6TZa4
bfbdffa083462d1040272af7b806f763.txt,https://www.youtube.com/watch?v=_QuGM_FW9eo
1ad2679ad67f363c7e08209b15a97b26.txt,https://www.youtube.com/watch?v=YkYpGhsCx4c
2b44ad62db3afcdccc7cf4ae8e8b9715.txt,https://www.youtube.com/watch?v=wxS5P7yDHRA
eeb0ac544407e36a7fc08f35a7050ca7.txt,https://www.youtube.com/watch?v=O2L2Uv9pdDA
3ff05eda1b1ea83fd2cf07f00964db26.txt,https://www.youtube.com/watch?v=ny1egBSrsTc
b611b0ab43618c080edac85a0190edcb.txt,https://www.youtube.com/watch?v=CPqOCI0ahss
58e03f594a9286b660e472069eb79b51.txt,https://www.youtube.com/watch?v=lFJbZ6LVxN8
08f359313f173d918932d1075ac63612.txt,https://www.youtube.com/watch?v=T6OxPncD7_w
85b4c27e8bc82abf5bf902efe8b86415.txt,https://www.youtube.com/watch?v=2ynTNY7UmmM
41f5b037ca22347d6a84e14a1eab3bcc.txt,https://www.youtube.com/watch?v=609alr7_B9w
c088f6b10c03e6aedd6cdd6a1011086a.txt,https://www.youtube.com/watch?v=PPeaRc-r1OI
3dc03efab086aae65df8da6ad1d9b659.txt,https://www.youtube.com/watch?v=_YPScrckx28
e453e6537c5d90b0e582469acd6134ef.txt,https://www.youtube.com/watch?v=efR1C6CvhmE
5640ed25e1a50ffdefb1bd1f64156cf6.txt,https://www.youtube.com/watch?v=Y6RRHw9uN9o
b10e303292cb271dfcc2e7714a0d25b2.txt,https://www.youtube.com/watch?v=ny1iZ5A8ilA
dfeaacce7898b7bba6107e423b6403d2.txt,https://www.youtube.com/watch?v=kPkwf1x7zpU
886b1501029a236751893a36532692ab.txt,https://www.youtube.com/watch?v=FB5EdxAGxQg
3dc03efab086aae65df8da6ad1d9b659.txt,https://www.youtube.com/watch?v=_YPScrckx28
e4aa48804a4a777c582283efe752bd96.txt,https://www.youtube.com/watch?v=ST3aro0BJMI
95d2ea16b7e073ebda61e892d25dd561.txt,https://www.youtube.com/watch?v=sN5ZcJLDMaE
c2267f7267d4cbb68084732c7a86bc6e.txt,https://www.youtube.com/watch?v=eLt4a8-316E
c741b9efd826fdb8c963ab8bf6a78933.txt,https://www.youtube.com/watch?v=tjy0yL1rRRU
daca899ac9f5db97bbda88b9b095c23d.txt,https://www.youtube.com/watch?v=KIOeZ5cFZ50
e99bfc674a25ab45ee73349e7dad29f9.txt,https://www.youtube.com/watch?v=RtrBtAKwcxQ
b521da1822293c9c4189f607edb13d4d.txt,https://www.youtube.com/watch?v=NqdyfMbVo1Q
f3c9bf61e9c2afec6227473020aea125.txt,https://www.youtube.com/watch?v=SHC5cwbrn40
c2305046e1ebbd6062246d183e614efe.txt,https://www.youtube.com/watch?v=jdxg2bSdEhA
e137c4a9e1a5892c695e362c38e59523.txt,https://www.youtube.com/watch?v=LbX4X71-TFI
8c3d96588d4a5d3f15253011b01844eb.txt,https://www.youtube.com/watch?v=FXokoJUhsLQ
dd996b6be64d4174ff2733873ca18573.txt,https://www.youtube.com/watch?v=wpQiEHYkBys
0adf639f58c1d9163c24365586c6ec66.txt,https://www.youtube.com/watch?v=lt1YxJ_8Jzs
333308701566fdeb83c3220d8319c151.txt,https://www.youtube.com/watch?v=yz0egHfZEeY
643e5ba5ab1efd5fc9d359d39540f4e6.txt,https://www.youtube.com/watch?v=gi848-bzMu8
5d51a8dc54b16f1709e4988196febee6.txt,https://www.youtube.com/watch?v=IvDmIYs0tiQ
1ee0ba2b69d8bf1be007106fc43cabaf.txt,https://www.youtube.com/watch?v=SjOfbbfI2qY
13d1357c2d78a6ff9112f2a5c659123b.txt,https://www.youtube.com/watch?v=fSytzGwwBVw
a7deecce6b2a8e5bf83db2bb007f8d4f.txt,https://www.youtube.com/watch?v=TIgfjmp-4BA
70250d7f1673c5ee8f116210e47a491f.txt,https://www.youtube.com/watch?v=pw5-mc27lo0
d13d707c1b62f680df494c9428ad63bd.txt,https://www.youtube.com/watch?v=hoNpvry0370
d416338174fb00c6e64ea85eb9291d1b.txt,https://www.youtube.com/watch?v=glLNo1ZnmPA
82c4521a90efc92a5446f50fe855a101.txt,https://www.youtube.com/watch?v=-8s9KuNo5SA
ff8caa503b47adb7346e44516c2c13a0.txt,https://www.youtube.com/watch?v=gJo0uNL-5Qw
fb59804f0b0c43970141cd2014606c8b.txt,https://www.youtube.com/watch?v=VGuxr5W5Nqg
fde87d6df3f7a4d0e286c2187bde9f5f.txt,https://www.youtube.com/watch?v=vnXx7t2pnvQ
7d110ce71c25d325ea5ac5f32a71741c.txt,https://www.youtube.com/watch?v=G-fXV-o9QV8
fc2b1a90b42e61e00b57f440606feab3.txt,https://www.youtube.com/watch?v=xRhPwQdNMss
2e48c6991a39fc736dd55a802ca49bcd.txt,https://www.youtube.com/watch?v=M-NTkxfd7-8
da4df7e78295ae315a1e380b7a5b855d.txt,https://www.youtube.com/watch?v=HdlDYng8g9s
b437816d8db042336782830f7041a410.txt,https://www.youtube.com/watch?v=TvB_3jVIHhg
bcf693938dd2fd568abc4edf6a53bb9b.txt,https://www.youtube.com/watch?v=OtCq4NGvTaA
7e9ef2c556db99fbfc544456351905f1.txt,https://www.youtube.com/watch?v=pYM6L0H89PY
de802f6beed50b5646e4c9a059c6e609.txt,https://www.youtube.com/watch?v=W01tIRP_Rqs
2da3e55f403f50e5fde97b575e496720.txt,https://www.youtube.com/watch?v=_Tf1Vi4s7Ec
cdcfdee5d5dfb527b12b592ac4345c58.txt,https://www.youtube.com/watch?v=D6gtZrsYi6c
cc44536b786e15b523cbc334737155ea.txt,https://www.youtube.com/watch?v=3TbU9HI8Io4
16f9d7c7055f45f6ad362c47ae3a389f.txt,https://www.youtube.com/watch?v=4b5d3muPQmA
525a65a3499a3a622c781200b55f9e35.txt,https://www.youtube.com/watch?v=R2e3Ls9H_fc
62b1e4ec8da7bb90a97ad27ba82e2907.txt,https://www.youtube.com/watch?v=GZj6ikx8PAc
df9b659695fb90aa17b682064691b6c0.txt,https://www.youtube.com/watch?v=EoyTsiJNGN4
46f62122cc9078976b333fd74b4e70a7.txt,https://www.youtube.com/watch?v=EItlUEPCIzM
bed15c81a11b12ebd7e3025b22ab254c.txt,https://www.youtube.com/watch?v=ikt0sny_ImY
02043d6e77e1d3dd4e2f36d1664cf64f.txt,https://www.youtube.com/watch?v=iNlZ3IU5Ffw
f9b0903bc87d634b9f60f25cdb42417e.txt,https://www.youtube.com/watch?v=lX-3nGHDhQg
f09363df32edcabe8cebf558b00f4414.txt,https://www.youtube.com/watch?v=8QCBl-xdeZI
af1a5b90e641122867b1a7abb7c3e8ed.txt,https://www.youtube.com/watch?v=7xHsRkOdVwo
0c8bfb5905b14190bed623e1b4018f10.txt,https://www.youtube.com/watch?v=ijUMKMC4f9I
d8bc43bdda0fd100559fd847d2376f71.txt,https://www.youtube.com/watch?v=QXOkPvFM6NU
14348d431c70fc293beae01639b8eea5.txt,https://www.youtube.com/watch?v=_snvL4CQNWc
b51646fa7e1ff564b5eb7f23cb517400.txt,https://www.youtube.com/watch?v=v7oLMvcxgFY
3b25a2f4c9703d84cd81645401bbd9cf.txt,https://www.youtube.com/watch?v=PVyILZow2Y4
a657ef2875ad2de42c1bb34ee8230e9f.txt,https://www.youtube.com/watch?v=PAK6rK4_1OQ
36d8787fce3873e44476cb50713b0d01.txt,https://www.youtube.com/watch?v=RDZUdRSDOok
a39bba6d1d61ed77adb0a37b9bbc8141.txt,https://www.youtube.com/watch?v=_A9Tq6mGtLI
4a2dee129f5a79011840ab56e9126dee.txt,https://www.youtube.com/watch?v=C3r7tGRe2eI
03864217be8136bd390f75adafaed938.txt,https://www.youtube.com/watch?v=Lh2pAkNNX1g
ca0124ff77bbb31025f4b8c7dd7d8a9b.txt,https://www.youtube.com/watch?v=VO_uzCU_nKw
ae7c5f17653b4568a7118068043fe926.txt,https://www.youtube.com/watch?v=Q7iWANbkFxk
36d8787fce3873e44476cb50713b0d01.txt,https://www.youtube.com/watch?v=RDZUdRSDOok
0c7c7cb166698f687874fe4254d3082f.txt,https://www.youtube.com/watch?v=FpTHdx9oUxs
eabef6d16e78a26b8435242c6a8879f4.txt,https://www.youtube.com/watch?v=FgakZw6K1QQ
35c368ce7b40f4f36810657771215f62.txt,https://www.youtube.com/watch?v=FD4DeN81ODY
27cb5efc7e15317a3c31b98597157724.txt,https://www.youtube.com/watch?v=HMOI_lkzW08
f4878cac0d8564f5e33d610175081980.txt,https://www.youtube.com/watch?v=fkf4IBRSeEc
47196a9e2fef201adf659d44ff186b31.txt,https://www.youtube.com/watch?v=6uwa9EkUqpg
19288be5f5cdddd7fb78476c7bbfa84f.txt,https://www.youtube.com/watch?v=kApPBm1YsqU
7b8c2bd57348e5c8aa218ff94c5f15b1.txt,https://www.youtube.com/watch?v=QdBy02ExhGI
dd6cd78580377e4b5afb14781a99b806.txt,https://www.youtube.com/watch?v=ftMBLceSF9U
b5ddcf3f636da419540252c25e101f44.txt,https://www.youtube.com/watch?v=o_cAOa5fMhE
ba441607e6383caeadb469690e76c200.txt,https://www.youtube.com/watch?v=NEaUSP4YerM
3539e6424db53ff0309408e38ab674b3.txt,https://www.youtube.com/watch?v=015vL0cJfA0
ee9015a2fe27903b9d9f4da70d0620c7.txt,https://www.youtube.com/watch?v=85XaciPBCkw
ba441607e6383caeadb469690e76c200.txt,https://www.youtube.com/watch?v=NEaUSP4YerM
3589d065696bd2ee81d8e4b9ddb6ee79.txt,https://www.youtube.com/watch?v=yqGKdBNNLDI
be7f60d262f70dcd895636045d807d1f.txt,https://www.youtube.com/watch?v=DtFQAJmlID0
3539e6424db53ff0309408e38ab674b3.txt,https://www.youtube.com/watch?v=015vL0cJfA0
1058da9e2dcd03f1ab134631b928fa63.txt,https://www.youtube.com/watch?v=guVvtZ7ZClw
af96ec6ab266397d22200e56a150ee42.txt,https://www.youtube.com/watch?v=WGlMlS_Yydk
6fa39e5b28858538227de6d207b3736a.txt,https://www.youtube.com/watch?v=zi_ydmbWfAs
c423856241b1bcd3aaefd5c0014642cc.txt,https://www.youtube.com/watch?v=aslTl6i-hpQ
a3ddbef8b4343fe8738c00b4a46ddd50.txt,https://www.youtube.com/watch?v=0yaYwDyBxFA
d59d30a1472b8992eb3055741249580c.txt,https://www.youtube.com/watch?v=r-vymRtEzN8
c2b87375c609063fb270fd49bc629411.txt,https://www.youtube.com/watch?v=BKbsCvE7pJA
1e165e6663f04dc5e748e49e9d618a12.txt,https://www.youtube.com/watch?v=2CIK8kK4b7w
2d87877ac7bd10e94a84c831c643c8da.txt,https://www.youtube.com/watch?v=my207WNoeyA
805f4ef73bb1299fd46a950daeecd973.txt,https://www.youtube.com/watch?v=4Fqt2Nk2lhY
9eca5ed74612dd170c32082cc0775a1b.txt,https://www.youtube.com/watch?v=Jk2V9yA82YU
4ddfac797a8cdbdf333492ff9527ae74.txt,https://www.youtube.com/watch?v=2iF9PRriA7w
0bfb498d005f10ae3fc653d162cbb176.txt,https://www.youtube.com/watch?v=hUqeGLkx_zs
e9846e2fcf1265c167391aca43ce47a8.txt,https://www.youtube.com/watch?v=REx9z3R7_Zw
6738ea2d97e67213c9e44715c573ac9a.txt,https://www.youtube.com/watch?v=RlugupBiC6w
805f4ef73bb1299fd46a950daeecd973.txt,https://www.youtube.com/watch?v=4Fqt2Nk2lhY
a37e730f7ac6bee506022d9f510e7b0d.txt,https://www.youtube.com/watch?v=x83WmvbRa2I
0522456a0ce3d0e2c04cc0b295756e69.txt,https://www.youtube.com/watch?v=EUrWGTCGzlA
2b73fe7783ce01e95b7c1d1b45ad87a9.txt,https://www.youtube.com/watch?v=wrBUkpiRvCA
f4add118037ec25670e198ea07d91a9c.txt,https://www.youtube.com/watch?v=aCEvtRtNO-M
53b2631c41bef56a085f895935af17ea.txt,https://www.youtube.com/watch?v=iKdlKYG78j4
4c3f75bb008313e33e04a97fa750f310.txt,https://www.youtube.com/watch?v=MSrfaI1gGjI
f4add118037ec25670e198ea07d91a9c.txt,https://www.youtube.com/watch?v=aCEvtRtNO-M
e8a972de3d4391e583af1b128da07b81.txt,https://www.youtube.com/watch?v=DhdUlDIAG7Y
242a49ebc732de4d7437042e5171659c.txt,https://www.youtube.com/watch?v=7YaqzpitBXw
93103b10fc030818f5a704c63db96cae.txt,https://www.youtube.com/watch?v=i1G7PXZMnSc
3f150db105437cb2b74379a4b42dce9a.txt,https://www.youtube.com/watch?v=KQL61JP8-GM
6ebfba495c739454959b7b82a1cb1c3c.txt,https://www.youtube.com/watch?v=u5GAVdLQyIg
d83c7123cb942f0b009880d5b05971ab.txt,https://www.youtube.com/watch?v=i8NETqtGHms
4c7a465b6c271b360c14e57560418e5d.txt,https://www.youtube.com/watch?v=ORMx45xqWkA
e1cf4dfcee7a40a17e3758dafd9ec66c.txt,https://www.youtube.com/watch?v=po5qTPKBrRc
5f44915e58f1ae054a10a3428ed1dc90.txt,https://www.youtube.com/watch?v=fSgNjOvXTCs
f0b9946b8d16393b8859b0e520f8e58a.txt,https://www.youtube.com/watch?v=Fu273ovPBmQ
47ae52a5b802de7db81588ae24128383.txt,https://www.youtube.com/watch?v=s-V7gKrsels
f0bd2eb9e5d5b8d044f31a21ac930c97.txt,https://www.youtube.com/watch?v=Y9qdKsOHRjA
d43fbc4dc1b88ecdfafe453e5a901f95.txt,https://www.youtube.com/watch?v=m0pIlLfpXWE
41c4e8772d0f97ee79bd2c6e945b0327.txt,https://www.youtube.com/watch?v=S5AGN9XfPK4
fe5f90802ee53c2680a2531068e77dbe.txt,https://www.youtube.com/watch?v=Ilg3gGewQ5U
b039231a2a97ee19dd0a2afead2e123a.txt,https://www.youtube.com/watch?v=ayOOMlgb320
dd8cc23d304f23a31879f6f48eeaa734.txt,https://www.youtube.com/watch?v=NHKht6p9X1Q
ff14c4ae56089bfc30b1097d6d2b7322.txt,https://www.youtube.com/watch?v=-qT8fJTP3Ks
4ea45c317d544b1532d3fb75e99da421.txt,https://www.youtube.com/watch?v=QBbC3Cjsnjg
d205acd52f92293c172a06a75136545b.txt,https://www.youtube.com/watch?v=v_ueBW_5dLg
70a602f1767f5735260a02498a948bf7.txt,https://www.youtube.com/watch?v=gm1E8Y99WFA
c540f9dac58793bdd28ce23e64d29e8e.txt,https://www.youtube.com/watch?v=99ohAVk2uRk
4b2b51627b9d18ec0ebe7ae19045ca71.txt,https://www.youtube.com/watch?v=fQxoVTvaDPo
9c5cb127ba54420de4752f89f396a678.txt,https://www.youtube.com/watch?v=qrXwWXZpfBg
0e6435adeb143dc7a00d4eb0f59ea431.txt,https://www.youtube.com/watch?v=Hm8_PgVTFuc
f3d3e029367b42e95aeaf7daaa10b831.txt,https://www.youtube.com/watch?v=qowp6SQ9_Oo
053b4f6a72ecbf64ec58fff4b177faf8.txt,https://www.youtube.com/watch?v=qO_NLVjD6zE
4cf85c415fa8a732908b72ba4a216340.txt,https://www.youtube.com/watch?v=IBODsB4q8cQ
83186e53f2a49cd774cfd6d20a46e5d3.txt,https://www.youtube.com/watch?v=qhXZsFVxGKo
c9af93ecde6ffff2b74e2b09eaf62614.txt,https://www.youtube.com/watch?v=-WsuNSuIhG0
401501e55fdb009cd12e3dadf37c6ac0.txt,https://www.youtube.com/watch?v=UmathvAKj80
26bf96ac5785613ba31c147b1596696b.txt,https://www.youtube.com/watch?v=9mA5GPTmSVM
7b0b201adf715d4587e8ac464230382c.txt,https://www.youtube.com/watch?v=5hMhGM0NOHI
4299d7a4b82b1295a69a2e86fc898f35.txt,https://www.youtube.com/watch?v=1JmZ5idFcVI
f9f96f30d5936b69f8abc31f6b76d4dd.txt,https://www.youtube.com/watch?v=DtEq44FTPM4
7e306e14599c65676dfef29af3c76a56.txt,https://www.youtube.com/watch?v=yXOMHOpbon8
899fbdfd7bbd371cc097835a317c9d79.txt,https://www.youtube.com/watch?v=NE61nLoM-Fo
9f417c91697144bd6a711f8ecdc0d9c8.txt,https://www.youtube.com/watch?v=KuXjwB4LzSA
fc81f545163f9bb8c1651019779d56ef.txt,https://www.youtube.com/watch?v=QzY57FaENXg
35a4111c6c8b6198c4d6a3703c9a8ec4.txt,https://www.youtube.com/watch?v=yb2tPt0QVPY
9bd01615521d8fc542b5b55aa02a0517.txt,https://www.youtube.com/watch?v=Etksi-F5ug8
594659490e3492e6d776eb43af53dde1.txt,https://www.youtube.com/watch?v=Y1qxI-Df4Lk
cd983b588358358e5e7004f757b861b9.txt,https://www.youtube.com/watch?v=sA53swEwpoA
38c5cd0929c2d801b3dd4adbc0dcfd9e.txt,https://www.youtube.com/watch?v=UlJQZFMdUEk
2fbe51b48ac53024db64a7e80f2a9fbb.txt,https://www.youtube.com/watch?v=9zzZZjYkLV4
0f6e59fc431c5c565734ee4d387c4cd8.txt,https://www.youtube.com/watch?v=o_3mboe1jYI
645268575e6dee33d6295b83e3382594.txt,https://www.youtube.com/watch?v=UfLPGzNc1Z8
7eb940d427ce829959f313213700d673.txt,https://www.youtube.com/watch?v=nc7FzLiB_AY
800c6cdeb5b2e601962d563135df3481.txt,https://www.youtube.com/watch?v=mRVTKrbRYi0
e1cf4dfcee7a40a17e3758dafd9ec66c.txt,https://www.youtube.com/watch?v=po5qTPKBrRc
54bb60c0a07a0af3e513b53ed4100016.txt,https://www.youtube.com/watch?v=pDdP0TFzsoQ
d83c7123cb942f0b009880d5b05971ab.txt,https://www.youtube.com/watch?v=i8NETqtGHms
5f44915e58f1ae054a10a3428ed1dc90.txt,https://www.youtube.com/watch?v=fSgNjOvXTCs
88d5170da1b669d31a60f4422968acfa.txt,https://www.youtube.com/watch?v=LsdxvjLWkIY
03f49177330178e6dabf0be3891a7e9a.txt,https://www.youtube.com/watch?v=oHl8U3NccAE
9e649a07bd19f68aee5b4ff2ff62442a.txt,https://www.youtube.com/watch?v=vmjP6LjGaag
af621ab063b33862cc696aade7af80de.txt,https://www.youtube.com/watch?v=MQkVIYzpK-Y
5f4a0628bd8a3e5c81241209ef5e7230.txt,https://www.youtube.com/watch?v=AsNTP8Kwu80
3dc0a75ec6a73757f7d935af6c464313.txt,https://www.youtube.com/watch?v=1jnxVAvlwS4
ca5930885d2820e23ef515fe8d06a95b.txt,https://www.youtube.com/watch?v=5jiqJymfRf0
44020d78aef3a6c602e79356a1e55d42.txt,https://www.youtube.com/watch?v=Y2wfIKQyd1I
ea51f25082aee1c27e725d9d9461f628.txt,https://www.youtube.com/watch?v=8HyCNIVRbSU
1480f67471aa07bbcdbfb3c1990dd9e1.txt,https://www.youtube.com/watch?v=tOuXgORsXJ4
8c6342816932729f8c3157543fe4bbdd.txt,https://www.youtube.com/watch?v=YCzL96nL7j0
7f18d395eb5619efe80593a720606073.txt,https://www.youtube.com/watch?v=LfnrRPFhkuY
2f01b038ee3202a953854a38fa5e8fa2.txt,https://www.youtube.com/watch?v=0_PgWWmauHk
7f18d395eb5619efe80593a720606073.txt,https://www.youtube.com/watch?v=LfnrRPFhkuY
01213c582e5299a55a27144b0c62fde2.txt,https://www.youtube.com/watch?v=Ogvd787uJO8
9528e8623f3167b11a509a836c7c6382.txt,https://www.youtube.com/watch?v=IrPhMM_RUmg
2bafd58c50fc53a0c59ce8c955934eee.txt,https://www.youtube.com/watch?v=PSs6nxngL6k
4c32a168d6f94873e917c721d69958a6.txt,https://www.youtube.com/watch?v=fjJOgb-E41w
17c3f1dbc5e776f3a8ba18fc36ce5a23.txt,https://www.youtube.com/watch?v=oMeIDqRguLY
0b19d31e0ce648994aea0b92ffa282ef.txt,https://www.youtube.com/watch?v=ZXiruGOCn9s
0b19d31e0ce648994aea0b92ffa282ef.txt,https://www.youtube.com/watch?v=ZXiruGOCn9s
fb3dd44cbac24dda2ce034bc7724fcf7.txt,https://www.youtube.com/watch?v=eMlx5fFNoYc
b9970d8fb6aed08d9292b379800c8f0f.txt,https://www.youtube.com/watch?v=8fIJk1lJ4aE
6d803e9e7096dd1ee5dc409343f61481.txt,https://www.youtube.com/watch?v=4Bdc55j80l8
5f44915e58f1ae054a10a3428ed1dc90.txt,https://www.youtube.com/watch?v=fSgNjOvXTCs
d1443530a85dbc4958493550418a51e1.txt,https://www.youtube.com/watch?v=U0s0f995w14
fd67f83dd87334c984677ea984da15e1.txt,https://www.youtube.com/watch?v=ISNdQcPhsts
4c7a465b6c271b360c14e57560418e5d.txt,https://www.youtube.com/watch?v=ORMx45xqWkA
0b6b38aee868d77b7af15ac64b429670.txt,https://www.youtube.com/watch?v=SZorAJ4I-sA
9676ee93717951a2f81b7ddf8d8280cc.txt,https://www.youtube.com/watch?v=wuj8Hao1TT4
67cbcdaa2f47791014b2c583cecceb78.txt,https://www.youtube.com/watch?v=t45S_MwAcOw
0b19d31e0ce648994aea0b92ffa282ef.txt,https://www.youtube.com/watch?v=ZXiruGOCn9s
e71cb2466f9c8ba736a821c07c087926.txt,https://www.youtube.com/watch?v=TpMIssRdhco
39435a80d032011fd8c0bceea86475de.txt,https://www.youtube.com/watch?v=Sw9r8CL98N0
801a558be28b603b881a4f60a578bf0a.txt,https://www.youtube.com/watch?v=8L11aMN5KY8
c45ccda1f6a0aa10af7b1a60f833ca64.txt,https://www.youtube.com/watch?v=Gib_kiXgnvA
96f7a858ebed359bfc6c58c7a7591d88.txt,https://www.youtube.com/watch?v=9zKuYvjFFS8
be41804265120650ace19b46785c2bb6.txt,https://www.youtube.com/watch?v=HBYQvKlaE0A
e9a812ced14edbb3f8ea2cdff696e5ff.txt,https://www.youtube.com/watch?v=qJeaCHQ1k2w
2414061adcbea8644bcac78809073cd1.txt,https://www.youtube.com/watch?v=fcvYpzHmhvA
32b98b851f5c0fde5e1313d4a4b73d32.txt,https://www.youtube.com/watch?v=x2GRE-RzmD8
edc2ef620a1d439b0fc07fabf3dc89b8.txt,https://www.youtube.com/watch?v=yTAMrHVG1ew
03e964fcd8fc390d56a4a7ef8701d6e9.txt,https://www.youtube.com/watch?v=1CIpzeNxIhU
9117226eb78c9fff6d1f3eb83da03737.txt,https://www.youtube.com/watch?v=fbLgFrlTnGU
03e964fcd8fc390d56a4a7ef8701d6e9.txt,https://www.youtube.com/watch?v=1CIpzeNxIhU
cdf08d0b2a6c23567c0d373122562b03.txt,https://www.youtube.com/watch?v=sa9Oc26XXdc
393ef5097936f6034a0dcc231637f657.txt,https://www.youtube.com/watch?v=UeykRura7sA
beec142ca0821a0a5a8be380178376d6.txt,https://www.youtube.com/watch?v=6RAStep_3OI
c323eaed3c4429f0882e7bf25cfdcfc1.txt,https://www.youtube.com/watch?v=EQhuB5zhQwo
5db4ab2c2a2d83b339a68b7a0a142ba7.txt,https://www.youtube.com/watch?v=eKfO2RFF2QE
3675bf43b20dbea3ce82147d7072cae9.txt,https://www.youtube.com/watch?v=xdLVzkUfvm0
386b666405b2a008157c9c4ee9051c56.txt,https://www.youtube.com/watch?v=eGbhEDDb8NA
de4e3f4ea59378660fbac64c76b267aa.txt,https://www.youtube.com/watch?v=yRwQ7A6jVLk
56cc957ff242fb756e7128f449a9a75c.txt,https://www.youtube.com/watch?v=fNk_zzaMoSs
8bb50f5fbdd55471dc6e29b8664252b9.txt,https://www.youtube.com/watch?v=_YkIivLaVJs
e0de507eeb4b6c3bde5e8a47e65bc09b.txt,https://www.youtube.com/watch?v=KBSCMTYaH1s
4f8b9cf9612acc22d93b0934313c2883.txt,https://www.youtube.com/watch?v=DxwT7fn6GtE
a101303e96325c00762f71518ca1895c.txt,https://www.youtube.com/watch?v=sXKiAKn0WCM
e0de507eeb4b6c3bde5e8a47e65bc09b.txt,https://www.youtube.com/watch?v=KBSCMTYaH1s
9ee76bc67c8265fe0daf020e8c4c2e85.txt,https://www.youtube.com/watch?v=EYIxFJXoUvA
95bd27934b070e80ea0d038ead24afc3.txt,https://www.youtube.com/watch?v=p48uw2vFWQs
de4e3f4ea59378660fbac64c76b267aa.txt,https://www.youtube.com/watch?v=yRwQ7A6jVLk
da5cec09d029b2d40f40e2d3b486e950.txt,https://www.youtube.com/watch?v=ZFVFtVbeerI
8248857f2324c21c9424d9839d745738.txt,https://www.youtube.com/watch?v=XkY2DOUCWMU
6b1dbc6e513aeea5a16a9cdfbd7a005f.txt,https://www.youtube.com/watch?v=EP2ghkO0lSk
175b3ad3f6701aebd50d748f014d2e5f.txt,https://www.youtube.com/watch?v=4C9GKyfUQkc
7a51e4cf766f41384d427dccadabf376.txt,https://www.youtube.com/watch?v=k7RM-ot2NWY
29b22ea541c8e3012393b174f0bcfc47.txt,https://www.youtube.com/watch?v=zntNi3-ybfQ
007cad5d6b2e48cbe9ee10aff9f11afe.txt,https://www.youtube.com/watch?v=sI9cOlZBEOU
083f2b2a15af816fa91fb5e200c5b476.txt,https://www.youtube.com/watch?v=QWgrKZTbmI8
9e555ca0768d303061f28e3c759f907d.txt,https://www.youtube.com/watch?v=UravaODzYog
1d3260165221b499be4f5b1f2291b58e.txt,https://www.youtube.com/watch?v=ny1pQ3fYjrM
580d87668dd96a73d942395581bdea72.txt,https://www.youtube.com/watch?v=PFDu9oVAE-g
0a20bcf3ccf02056a37722dabff68ea2.txt,https://www.youtube.com/watch?v=TQvxWaQnrqI
de6c707344fc4ec7a993760eaf443544.txt,https://www.youtube.com/watch?v=IdsV0RaC9jM
77d896de797b7fac3ca6f3e7d24e3f15.txt,https://www.youtube.com/watch?v=yh5ABTeNUpE
f04dd58388442d076f549108588c3463.txt,https://www.youtube.com/watch?v=EM__AHpEzE4
0a20bcf3ccf02056a37722dabff68ea2.txt,https://www.youtube.com/watch?v=TQvxWaQnrqI
fb8fbfe4dde24e5367ef157efcacabc6.txt,https://www.youtube.com/watch?v=07Guezyep04
580d87668dd96a73d942395581bdea72.txt,https://www.youtube.com/watch?v=PFDu9oVAE-g
449a572df16764897b737851189e9dce.txt,https://www.youtube.com/watch?v=WTLl03D4TNA
580d87668dd96a73d942395581bdea72.txt,https://www.youtube.com/watch?v=PFDu9oVAE-g
75ca334327d68790f37c9d4810e956fe.txt,https://www.youtube.com/watch?v=EJG6gBeVdfw
5d2c0eb0aac1cdd763e7dc528c085a3f.txt,https://www.youtube.com/watch?v=ieWyx2mlZyk
c0913768b34685fcfc435a938bdf982b.txt,https://www.youtube.com/watch?v=vSczTbgc8Rc
4209933148ef28e114cca2cdef279903.txt,https://www.youtube.com/watch?v=gXbThCXjZFM
0aa2256352d77481929e84435a10d239.txt,https://www.youtube.com/watch?v=mBcLRGuAFUk
581ce12bf12a0a30f45471c643022ecf.txt,https://www.youtube.com/watch?v=nbBvuuNVfco
eabef6d16e78a26b8435242c6a8879f4.txt,https://www.youtube.com/watch?v=FgakZw6K1QQ
35c368ce7b40f4f36810657771215f62.txt,https://www.youtube.com/watch?v=FD4DeN81ODY
27cb5efc7e15317a3c31b98597157724.txt,https://www.youtube.com/watch?v=HMOI_lkzW08
f4878cac0d8564f5e33d610175081980.txt,https://www.youtube.com/watch?v=fkf4IBRSeEc
3971f55d9cb91b2ad697ed02a9b73941.txt,https://www.youtube.com/watch?v=HCkJ13LG7o4
8db844aa1558fa948d64445e7a643a73.txt,https://www.youtube.com/watch?v=c7e-D2tmRE0
c442e9087e1d75cfd8a0ac1b4afc559c.txt,https://www.youtube.com/watch?v=kfEWZA-b-YQ
d07ca866c221951e5980ac891a027286.txt,https://www.youtube.com/watch?v=zNMxkFWP_WU
f07e9891a19fbc3da5ddf69202093dcd.txt,https://www.youtube.com/watch?v=9brk313DjV8
f76eed3cd983dffdbbebef9b16b2eb32.txt,https://www.youtube.com/watch?v=HB8CzZEd4xw
b8b6a0e95fa3578bcb5320007ff64788.txt,https://www.youtube.com/watch?v=YNstP0ESndU
95fd5b860094e8d384799410111ae1f0.txt,https://www.youtube.com/watch?v=WT7oxiiFYt8
d3ccf566b0fa75ef2461235b3e5b6512.txt,https://www.youtube.com/watch?v=BIQrnx-vvx8
95fd5b860094e8d384799410111ae1f0.txt,https://www.youtube.com/watch?v=WT7oxiiFYt8
11e08bba3bebf9cef5471eeb73791a63.txt,https://www.youtube.com/watch?v=joewRl1CTL8
c6f87072cb4fd6bb013d997ce7d4e4b1.txt,https://www.youtube.com/watch?v=3rCtO1PWLsc
7d0ef901836a7bee08f2104357a6b53a.txt,https://www.youtube.com/watch?v=AXH9Xm6Rbfc
a2aacdc308b5fde158377efff8539499.txt,https://www.youtube.com/watch?v=GkB4vW16QHI
a914b27766ab855d3a56c6d8a0dba9d9.txt,https://www.youtube.com/watch?v=Kp7sSp5Kn7o
a5523d975ba281363f73fb89d8696d0e.txt,https://www.youtube.com/watch?v=H1DJjyDFalw
94b836ac746188bcbe9c7943e98c0bdf.txt,https://www.youtube.com/watch?v=vNXjMTv4vHs
b3c7ee2df71f800b779175cc3bb3fc7c.txt,https://www.youtube.com/watch?v=ahwtdXvlp9w
8eacc457341f1a010e3633825b317994.txt,https://www.youtube.com/watch?v=esxNDR1epeo
370b9c84007b11f0e0014d4294fc341b.txt,https://www.youtube.com/watch?v=aL15O6rS9z0
739e1d558c1c36b00f5ce9b66e02d741.txt,https://www.youtube.com/watch?v=LbBcuZukCAw
18e5ea3f98207c7a05d72c3bb25b9999.txt,https://www.youtube.com/watch?v=bohL918kXQk
6466e0a8c511ed411f1a5cb54ad63fa2.txt,https://www.youtube.com/watch?v=zomvvohLwr4
6c2a81f8bcbdb96640adb98a3abe2a22.txt,https://www.youtube.com/watch?v=O6BbEzuGFq0
08bfd15d8b5b419523c0c6b1cc10906d.txt,https://www.youtube.com/watch?v=qg4PchTECck
17825b6dbf75e4ba3682307bc03d3d00.txt,https://www.youtube.com/watch?v=sDv4f4s2SB8
0b253d3e9f3d5dc9a85185524a7bd0fd.txt,https://www.youtube.com/watch?v=i62czvwDlsw
0e4504a324ee456a5b967f062f35203a.txt,https://www.youtube.com/watch?v=IHZwWFHWa-w
0e003eef4778ce4c2e8c281927aaf434.txt,https://www.youtube.com/watch?v=NE88eqLngkg
5e338be902bcbc7d37ec9b329620946f.txt,https://www.youtube.com/watch?v=mdKjMPmcWjY
6b59d47fa5095df9dceca0f30e5915be.txt,https://www.youtube.com/watch?v=i-y-6IcBoH0
08bfd15d8b5b419523c0c6b1cc10906d.txt,https://www.youtube.com/watch?v=qg4PchTECck
b0f935e4f720e617536d853aa6de3da3.txt,https://www.youtube.com/watch?v=UdmtjGJFo2M
b4e66a42a9e01b49dd91d44331333afe.txt,https://www.youtube.com/watch?v=AM6BY4btj-M
c87ea0fa880686b7640c207a70688a3f.txt,https://www.youtube.com/watch?v=hFO565-oEcc
ebc88ca31ecba512d6aac5a2540b18a6.txt,https://www.youtube.com/watch?v=7QmGj1_i3MU
95d1e356954af86f3623a5c2b4a49996.txt,https://www.youtube.com/watch?v=Gc3QvUB0PkI
3e9caa22d7bcee87793369cdf19bd892.txt,https://www.youtube.com/watch?v=JTFMeSCxgcA
5734492dc784f1dcc2ae99bb7256361a.txt,https://www.youtube.com/watch?v=Zg4dJVvwRko
3da954b90f8f09de667970f2d3b7f9f2.txt,https://www.youtube.com/watch?v=dLNKm6X8Irw
6c9d2c66114363157837f320b946c954.txt,https://www.youtube.com/watch?v=SkidyDQuupA
1f97480cba1c179d7084dd9003d0491f.txt,https://www.youtube.com/watch?v=KzfWUEJjG18
3105260f578b5990e539cb6d81734e54.txt,https://www.youtube.com/watch?v=eFM5twmpu_c
62ddbfbd7660c74f33d8e1605e68b785.txt,https://www.youtube.com/watch?v=YWt_u5l_jHs
6c9d2c66114363157837f320b946c954.txt,https://www.youtube.com/watch?v=SkidyDQuupA
2547e0307c66f0f2e1a73836af323bbe.txt,https://www.youtube.com/watch?v=pA83XtLeVig
0507c273275af520b3adbe3811ab28df.txt,https://www.youtube.com/watch?v=uAjGJNolhbs
5389464a962f937975cc3063e69dc311.txt,https://www.youtube.com/watch?v=0T-CaQCiSf4
1f3456a2aaac66dc89c52bd2a734703f.txt,https://www.youtube.com/watch?v=OByl4RJxnKA
9ef4555e31a0976928a9d8b3f8b19f5c.txt,https://www.youtube.com/watch?v=XQoLVl31ZfQ
5f21244b6156d8a3222c3bb31a469b5a.txt,https://www.youtube.com/watch?v=ibINrxJLvlM
cd1e6f40bc9b61890cbb96cf65ee1efb.txt,https://www.youtube.com/watch?v=71oNiqPoKD8
0677263717a3f57c92c52b11f3294229.txt,https://www.youtube.com/watch?v=mrCxwEZ_22o
46fc6fac34f30ae363ed724cea5442ae.txt,https://www.youtube.com/watch?v=UnzbuqgU2LE
463a17b109ce21f53e639af7e5671a48.txt,https://www.youtube.com/watch?v=Jm_Ch-iESBg
b110b528993a0195de011c985e66846c.txt,https://www.youtube.com/watch?v=UrOXRvG9oYE
b7e3154d95b09718ed6c8521d842718c.txt,https://www.youtube.com/watch?v=QxqxdQ_g2uw
5bb1ee962ad8d9bc7d6485ceeee9a454.txt,https://www.youtube.com/watch?v=OWSOhpS00_s
a0f1e962d273bbb19886e2a84b8ba637.txt,https://www.youtube.com/watch?v=j8XLYFzTJzE
3dc4a2bb45f62d86fbbb493ca0844caa.txt,https://www.youtube.com/watch?v=UVQs9zikfe0
029e90d97d9936c85b176c4a280cb2dc.txt,https://www.youtube.com/watch?v=MntX3zWNWec
ccda447f68ffdc89b2bf3f10d98c3c01.txt,https://www.youtube.com/watch?v=ihTpK6dXSas
844acf846065552400d5faa980b4f487.txt,https://www.youtube.com/watch?v=YAlJCEDH2uY
6db6d7cb8e27636286955889d847f48e.txt,https://www.youtube.com/watch?v=EXgmzHb3UlQ
27fce0814e64fee52914f50ef50cf438.txt,https://www.youtube.com/watch?v=ENnlSlvQHO0
c4597f6ef7d056f1e2343857c5432048.txt,https://www.youtube.com/watch?v=DT-fPG0Hff8
5dfcb93e83684a84ae773d129d261248.txt,https://www.youtube.com/watch?v=ZOYmsNj7kwk
0dd3089f27e499045226b28fd786c990.txt,https://www.youtube.com/watch?v=tFWsuO9f74o
afb44486fa541b34efc62a858c5703cd.txt,https://www.youtube.com/watch?v=wiYJWyfdGg4
0ab21e4c8fe9450f6a0d75604b26f170.txt,https://www.youtube.com/watch?v=0bRp4o6ltT0
6523e8e16c2dbadeaadfac5932c79ecc.txt,https://www.youtube.com/watch?v=_Qlxt0HmuOo
a2a8f3944ea4083d73a68601d52891fe.txt,https://www.youtube.com/watch?v=ZzeXCKd5a18
4d88d11f378fafd4061dd815789f8199.txt,https://www.youtube.com/watch?v=KS6KEWaoOOE
8f29ae6ece97da393b46d45188d3cc67.txt,https://www.youtube.com/watch?v=nb75_GFPD9A
8468e47f2235851e459c5a50ebfeb37f.txt,https://www.youtube.com/watch?v=vemZtEM63GY
3192ec3a903fb80d9aa221e9332deb1f.txt,https://www.youtube.com/watch?v=bf3egy7TQ2Q
70811dd7f81950ba6d00a1ec03d4f4c0.txt,https://www.youtube.com/watch?v=qJcv7VHwqcA
fcd2980c3c3aef41a6af06b0b9e5cdb9.txt,https://www.youtube.com/watch?v=GEFxFVESQXc
4c0f9b9e1ef0bfff0a04004e040ff646.txt,https://www.youtube.com/watch?v=r76oDIvwETI
724d0fc3e88220c6283e2f8af0a80f21.txt,https://www.youtube.com/watch?v=IrE208Pf3nE
ebc88ca31ecba512d6aac5a2540b18a6.txt,https://www.youtube.com/watch?v=7QmGj1_i3MU
b4e66a42a9e01b49dd91d44331333afe.txt,https://www.youtube.com/watch?v=AM6BY4btj-M
c34c7ac78256351bc1dc0b4cf169364d.txt,https://www.youtube.com/watch?v=upc82Idwwu0
8e75c1784d5ef3f3b7bed0e4c0a229b5.txt,https://www.youtube.com/watch?v=nOFXLCCvtm0
14359df29346f6ca0869ba2ae2c2b63f.txt,https://www.youtube.com/watch?v=GTLhkhJw78U
b9cdc4b31e05a221f790323e000e87f3.txt,https://www.youtube.com/watch?v=QlW1dqGN19s
40f84a292ead76e7cd86aa34e7d30ab2.txt,https://www.youtube.com/watch?v=8ue5_igYuAw
854c6d010289c94432869ef5a8163924.txt,https://www.youtube.com/watch?v=VqQvPZ4ZLGQ
08557578228c6eb2025c02f834823ccd.txt,https://www.youtube.com/watch?v=4dbnuBBqL2o
dcf0a94dbef925331c69d2fd1f8ff7e0.txt,https://www.youtube.com/watch?v=vwUV2IDLP8Q
f3c32a89ca1cf77da12a1802805091e9.txt,https://www.youtube.com/watch?v=73PaGo-AXTw
f32c4924914db4d0a97198bc5a651ff5.txt,https://www.youtube.com/watch?v=WYyWIpa5QPQ
6bae6c3a9a7a606b79d8612901af19ff.txt,https://www.youtube.com/watch?v=8mjcnxGMwFo
dfe8690de509f643da928103198676a2.txt,https://www.youtube.com/watch?v=eREvLgRJWrE
442e276fb0de61f88c6570ce79b4db77.txt,https://www.youtube.com/watch?v=JTTiELgMyuM
7b7083f05d0b2000ddb639115c99bf9f.txt,https://www.youtube.com/watch?v=yuqB-d5MjZA
82a5f04a505c3049ace7f4d9ec8b1cbb.txt,https://www.youtube.com/watch?v=1d4BzR_7Nbc
fbd3c169bc67fbb66f9f4bacbc702289.txt,https://www.youtube.com/watch?v=P-5sMcpTE0g
88a8bc1c7127d9616c51cc09247fc49e.txt,https://www.youtube.com/watch?v=aSLQI4dJA-w
c5fde4b37df46eebb9d223e771d78013.txt,https://www.youtube.com/watch?v=4mqFDwIdKh0
53b6a541837743f68da62b8120222ef8.txt,https://www.youtube.com/watch?v=O3z95pRKW6M
eb08ff94563804ffe153a2d3b57831a4.txt,https://www.youtube.com/watch?v=o92S8p2qb9g
2bd61cdfef95de13d74f675bcbca13a5.txt,https://www.youtube.com/watch?v=Wr1JjhTt1Xg
8e17cdd4236b692a6f5b2004496a831d.txt,https://www.youtube.com/watch?v=h5wLuVDr0oc
9fc5ba6b966d84a526f7360f9cb04609.txt,https://www.youtube.com/watch?v=gAkwW2tuIqE
ec25d281ef74fe21ef93182103028535.txt,https://www.youtube.com/watch?v=-l7YocEQtA0
e786eed3265d98a6a424ee937812ae73.txt,https://www.youtube.com/watch?v=dprpvr7_X5U
ee5e2328ccafe81c3a76e1d127ba7fff.txt,https://www.youtube.com/watch?v=0qotVMX-J5s
204b15f0697ea68dd82112458fc94af6.txt,https://www.youtube.com/watch?v=S-UwQGvR9BA
27e968693ccf227e768c2f70f42cc481.txt,https://www.youtube.com/watch?v=ZXTRzE8rt5A
e820318233c07d3fd4290f2c327768a7.txt,https://www.youtube.com/watch?v=TlHvYWVUZyc
8450f815dcc54a5366bd8e5150571463.txt,https://www.youtube.com/watch?v=VgalY-kbWag
a0fad4808d479768c5b048094e3b131f.txt,https://www.youtube.com/watch?v=xcODUk0o6tU
7489a358abd8f6b18c560ac84cb69840.txt,https://www.youtube.com/watch?v=fw6NMQrYc6w
ee470313d8ab756cbb76054d61bebfc1.txt,https://www.youtube.com/watch?v=tSiS15ubQFQ
6cf191b3a746c79f8cea1d1897e2a4c4.txt,https://www.youtube.com/watch?v=IiZReWJ0b98
a40d5453e354820cc81ee1cd52ce44bf.txt,https://www.youtube.com/watch?v=0d-2551pQcM
3ffaecd5882122e0c6dfbbcd730324c5.txt,https://www.youtube.com/watch?v=HOG-o8fbOLk
6db86c8bf1e7ee730b477cbb19d1b40e.txt,https://www.youtube.com/watch?v=Mrv3CZNWYEg
17c0fdffc278b706b0f26920a1d7442b.txt,https://www.youtube.com/watch?v=gkPt_Xor5U0
5526243f3ca1656eba4038fc51684bbf.txt,https://www.youtube.com/watch?v=XNkiYUtgczg
01d7837db06380e269ecfb424448aed0.txt,https://www.youtube.com/watch?v=kGT4PcTEPP8
9a85c5319102f1dd5f9746d48da6c768.txt,https://www.youtube.com/watch?v=eZfD6x9FJ4E
98cb9208a0a215ba8c6846e093c3fcb3.txt,https://www.youtube.com/watch?v=KVcsEttQl1w
f47ec908c8281080b7c1c1495d2588e5.txt,https://www.youtube.com/watch?v=mE5lpwEoNNw
060bb8b137b7dfc721efed1aa33a5902.txt,https://www.youtube.com/watch?v=nOPtZguTER8
a046a9998d53649e00f3c731d8a340cf.txt,https://www.youtube.com/watch?v=TXoUn9oLvlU
e41f69230754edfd1db79b6a28fd48cf.txt,https://www.youtube.com/watch?v=oU8AFOSPZkg
dd97a63a4bb3c1b514029c849e52ce2c.txt,https://www.youtube.com/watch?v=l6BZxOG7HjE
f6e4e5993af1bb8fdb6b69179705c968.txt,https://www.youtube.com/watch?v=NArU2hARqPY
2099d11239b6fa3230956a4302641c3c.txt,https://www.youtube.com/watch?v=qFnwZ653Aks
07fabd9f3bdea815b09d4522e5accddf.txt,https://www.youtube.com/watch?v=pD8LEhnnajw
ff6b45860087e136791c0abbf0824c79.txt,https://www.youtube.com/watch?v=DESBDukN9gw
2272809aae7b200d84abe9207ebc6a4a.txt,https://www.youtube.com/watch?v=l6xfFYZAyns
b97ab7906f71ae1988c49b47dc2ea0c0.txt,https://www.youtube.com/watch?v=Cm8An5VYARk
8fdbd38c496a519a0ac83a73d97b4c00.txt,https://www.youtube.com/watch?v=ZeJdr0nZ9PA
cccbeefe4f171698a2f6d883f6a8c516.txt,https://www.youtube.com/watch?v=RnYa3QsXRAc
b809a5b78fc3a8f98e16b8c0affe84d3.txt,https://www.youtube.com/watch?v=v1vLP2C6vn0
3677df6bae470d9bdc8b58ea1c22df5e.txt,https://www.youtube.com/watch?v=jZk4triALGo
b59fa06e553cd1803fece47bdf379d6a.txt,https://www.youtube.com/watch?v=6ngxBkx05Fs
5d0242d3facba58f9506f507a24b4410.txt,https://www.youtube.com/watch?v=iIiPo4qv97o
b5bfaf02310ca48c072dcd4d4b5883e5.txt,https://www.youtube.com/watch?v=l2YGTiA-yCU
1e697cfd4f2d9beccf89d18d76f3864f.txt,https://www.youtube.com/watch?v=3Jiduh4VIrU
3ae839b88441b8f1ff3504635116b3a4.txt,https://www.youtube.com/watch?v=EmD6itL96nY
c1338a9da3fede01569ff13e1b4e370c.txt,https://www.youtube.com/watch?v=jyva44uHoR4
443528e84a223ddc480890615de90ad6.txt,https://www.youtube.com/watch?v=8i2tPWXpgMQ
347a71c7f169f00401b2c668e4f924d6.txt,https://www.youtube.com/watch?v=EePGjr9ddp0
b047ae92bdead73ff3255a8b83b61678.txt,https://www.youtube.com/watch?v=KkC1Bj3Kt5k
a5a992be7c5e8c147eca9d2e1d0cf44f.txt,https://www.youtube.com/watch?v=Jar5Rr_7TOU
115344e4fbf55504c572599a1050a7d0.txt,https://www.youtube.com/watch?v=ykM_Q_VMxkM
69bba505a06ea134c8b17c6f4ca8755a.txt,https://www.youtube.com/watch?v=og7IT-ULlB0
5b532f64b6041d4de3d491d0035e32a1.txt,https://www.youtube.com/watch?v=3-YytTKi5fk
8a1eebd57fa7317f2c5a3f3f7295e1db.txt,https://www.youtube.com/watch?v=xbgMqCuWgzs
794a609aa2fcb18743f7100017fd1573.txt,https://www.youtube.com/watch?v=scEDHsr3APg
1eae8eaf35a0a0f27151ebe70909bff1.txt,https://www.youtube.com/watch?v=9I8X-3HIErc
78a8673679fa6dc8b65426b18d96e4a5.txt,https://www.youtube.com/watch?v=OVghJ_nQ3_I
db84077e042db2a89d72557f2718a0d4.txt,https://www.youtube.com/watch?v=GtD02_kSf_k
b6bb81b79ccc3e52474bb3dca8067282.txt,https://www.youtube.com/watch?v=VWuGgvkZGfQ
ec5200cf796f43595f02896fae8ae05c.txt,https://www.youtube.com/watch?v=Dx2gHpoacFw
4aec67737b67b7829ebe8c0d629bcb66.txt,https://www.youtube.com/watch?v=chEPjbULh4Y
fc7c5f71da66d0b9c3794ea750bd9102.txt,https://www.youtube.com/watch?v=MvRFLqVjRyY
524c88131d977c9f1669cc90488fa91a.txt,https://www.youtube.com/watch?v=_rFZcNCJQnQ
2815996bade607460f457af59e2f5855.txt,https://www.youtube.com/watch?v=8LhJ28TQGls
6afe8c93f31eb8a6041d3955e07480f7.txt,https://www.youtube.com/watch?v=LNLKZ4Rvk8w
025af948521dae6f8c776bb157322392.txt,https://www.youtube.com/watch?v=SzeIvqkVS8M
c2ab9fbc3d4d1dc1c4f6c91e5587c8e1.txt,https://www.youtube.com/watch?v=klnBwQBlDuU
26ef2b3b4b4f955aea5a136727d282ac.txt,https://www.youtube.com/watch?v=8DjqdfAAtGc
39cf9fe019fff56edba22bae7dd27f31.txt,https://www.youtube.com/watch?v=UVSFLbJWbo0
997cbe063731732e07f72c7a3a01185b.txt,https://www.youtube.com/watch?v=8Tupxt0ciRI
e8e7c8d81a35d1e31d99345b09dfd73b.txt,https://www.youtube.com/watch?v=D1CHLhjRAEk
c0c8ea32ca940cdb3b0790df39cf73c1.txt,https://www.youtube.com/watch?v=cgc3dSEAel0
17eb1d34c0100b60ad07b242a8ca66c6.txt,https://www.youtube.com/watch?v=L4Pv6ExBQPM
65adb66e497224c8e5307d7e0332fec8.txt,https://www.youtube.com/watch?v=449t1pfeKq0
73cfe3fd2c59f1ea00ad9fe5d57873dd.txt,https://www.youtube.com/watch?v=uOG685WFO00
b1f1b958532c0fe677b5fb103633af9d.txt,https://www.youtube.com/watch?v=jRM5_Z31y5U
2dc86cfade58d44bc8dd8e8e646329cb.txt,https://www.youtube.com/watch?v=lus1LLTfZzM
ce6f5c90af9d04f3bc432fa69410aef7.txt,https://www.youtube.com/watch?v=zFMgpxG-chM
31e586b920d0c5e620e7301d5654a0e9.txt,https://www.youtube.com/watch?v=eiIhTbFP0ls
979872f2282c152d6edaf71bf694b61a.txt,https://www.youtube.com/watch?v=58zLPx4knY0
b7eb8e79ca31ff1e760c6a959198ae4a.txt,https://www.youtube.com/watch?v=sk2DcwGBRO4
6f87d3bb9d7f64be1685303af00d5d60.txt,https://www.youtube.com/watch?v=VY7SCl_DFho
e194fac13fed08870dcf059b0d719061.txt,https://www.youtube.com/watch?v=SYV2CNyJcjc
fa37afdf4f5e86baf881c8bd2a44cf85.txt,https://www.youtube.com/watch?v=hTUKuf8uy9Y
0daa73629a71872f2be513476e09f395.txt,https://www.youtube.com/watch?v=EBQOaqhsnqM
317fd5733be22fb6049a15775053925d.txt,https://www.youtube.com/watch?v=nH4qjmP2KEE
c8fe9fb9c442c58fe01d9e99a223e2dd.txt,https://www.youtube.com/watch?v=i53Gi_K3o7I
d489decdbe90eecf996fde5db038d197.txt,https://www.youtube.com/watch?v=kBYHOum_iUA
5f465294fb84014ac1ed103d2a66f176.txt,https://www.youtube.com/watch?v=nZuWCo52wTg
b50950f5c7750fae8d81376a83880e44.txt,https://www.youtube.com/watch?v=XN2ymraj27g
a9fcdec3edca6df03561ead9c89b9fe8.txt,https://www.youtube.com/watch?v=1jbq0cvprIM
cf5e4088df9c82a20a2cf057667b7a78.txt,https://www.youtube.com/watch?v=FoSCaue3lcg
4741708a41405bc2c29402aa13f71d1f.txt,https://www.youtube.com/watch?v=0ZpgZ11dIsk
29f03b1a444ce93348ec78b1afc31664.txt,https://www.youtube.com/watch?v=8Dph6ki1TJc
71b0506c4f9a1e0ec25e20df0c1fe079.txt,https://www.youtube.com/watch?v=ftrkXmHE0vs
89796873ba94604dd21873a8534a720b.txt,https://www.youtube.com/watch?v=keowy9Yfxlc
97dbe119aa0010f3953ee58f656a6f1c.txt,https://www.youtube.com/watch?v=AUAEeyu2-ec
f43abf4976100efef5768b2aeaf89f18.txt,https://www.youtube.com/watch?v=YVZGPUM6Kcs
4b2cc12cbf9c01b97d1a0b0b8686039e.txt,https://www.youtube.com/watch?v=QXfsS-ZOeyA
2009c826c2a18ec63e585b6f0ac40378.txt,https://www.youtube.com/watch?v=gVbDyvuHEu8
c08d55271b78d4d47cbf77d20f0c070d.txt,https://www.youtube.com/watch?v=YBnCPr4wmUo
6dbf54127c467c4e52586dad655e978c.txt,https://www.youtube.com/watch?v=JpxkC6-bIaM
b6041b03a2eedda66ac5fbb7d7107a2b.txt,https://www.youtube.com/watch?v=4QzBdeUQ0Dc
e67879af98b303106b85bd3a1a2cee5e.txt,https://www.youtube.com/watch?v=7FAJZ-KsL1Q
850321c921a00ca65e928e3c20309462.txt,https://www.youtube.com/watch?v=DI72FjdYLbs
40d632fd73651a10c42a021902e67f5a.txt,https://www.youtube.com/watch?v=SFEROgwxicA
fffe90d0557085337317cb0875a4a274.txt,https://www.youtube.com/watch?v=A2NnIWCYnMQ
17b36befbb11cf4028a3247f61a6b042.txt,https://www.youtube.com/watch?v=0K_eZGS5NsU
b43601317a83ed3773093db93eeed6b0.txt,https://www.youtube.com/watch?v=R-HLU9Fl5ug
557fcf5d00c4086a2f583a1749bc9747.txt,https://www.youtube.com/watch?v=gOMW_n2-2Mw
77ba9108607f227bc3f5ec9f3f797cab.txt,https://www.youtube.com/watch?v=W8KRzm-HUcc
b3992b7940ba01de7fb15f8afa7ad89c.txt,https://www.youtube.com/watch?v=RaRjZcvbUKE
514eaf234e8cfea3b86fd4e26218e39a.txt,https://www.youtube.com/watch?v=hANUgg72TDc
b9bf6bb3d38ffe0ac78cfff5cffd6f40.txt,https://www.youtube.com/watch?v=MZZSMaEAC2g
18d762087d086ecf4475b01bb9818152.txt,https://www.youtube.com/watch?v=zdVdqTLk8O0
8570f221568d6ffd8ee84f65eb5bb7d6.txt,https://www.youtube.com/watch?v=daefaLgNkw0
af422070cdfca325ca67fba3d3b3a283.txt,https://www.youtube.com/watch?v=sZ_KUpt-zus
c631a29383b9299a037f6ea5f21af692.txt,https://www.youtube.com/watch?v=KWgYha0clzw
bf2d55acf528a360343176cf50fdd776.txt,https://www.youtube.com/watch?v=89cGQjB5R4M
69c450d3644ce123797d596a10644f8b.txt,https://www.youtube.com/watch?v=rRTjPnVooxE
a618f7729c2b067297e650fb805c2363.txt,https://www.youtube.com/watch?v=91dTO8VXiys
02d6324a172e881f1530f956a11eaf0c.txt,https://www.youtube.com/watch?v=JeznW_7DlB0
c00437d8a7aa56948129f8c4cb33eb3b.txt,https://www.youtube.com/watch?v=q2SGW2VgwAM
885df9ab0ec713cdb226db0699116277.txt,https://www.youtube.com/watch?v=iLRZi0Gu8Go
866179ea904d830c14f417c23d0702b2.txt,https://www.youtube.com/watch?v=MikphENIrOo
02d6324a172e881f1530f956a11eaf0c.txt,https://www.youtube.com/watch?v=JeznW_7DlB0
c7abdd1623c89f39a78212f83595945a.txt,https://www.youtube.com/watch?v=m_MQYyJpIjg
c00437d8a7aa56948129f8c4cb33eb3b.txt,https://www.youtube.com/watch?v=q2SGW2VgwAM
87eb764142e55c2ffe4b50f9d35e3fcc.txt,https://www.youtube.com/watch?v=an59YHkdK9A
d8f793fa746d93dde576508d6c5fa906.txt,https://www.youtube.com/watch?v=Y21OR1OPC9A
4f861bd7051bf9f7bcbe2fd7d49e371a.txt,https://www.youtube.com/watch?v=q9iFnMEEkwQ
6dba9a46c874eb0c540e1a5fdd597fe4.txt,https://www.youtube.com/watch?v=zzY0iWWvuRk
3904b05eb5eedfd2faed7f40fc68cb4f.txt,https://www.youtube.com/watch?v=KxvKCSwlUv8
88f7b2abcac1fb6503572e0a1d9a7108.txt,https://www.youtube.com/watch?v=3J02sec99RM
2bf329a3d4badcd937442b26590c18ce.txt,https://www.youtube.com/watch?v=XPfB_Xr2QFU
97c6ee6325009215518750716fd8d18f.txt,https://www.youtube.com/watch?v=Z_Kxg-EYvxM
0f015fdc648f62cd0c84de1a2f9f8ac6.txt,https://www.youtube.com/watch?v=_QQHW9GSb84
36ec8f892a5300a0ab72812be597cdf6.txt,https://www.youtube.com/watch?v=xECXZ3tyONo
a6638bea0a19a83eebd9f3ffdb2229e8.txt,https://www.youtube.com/watch?v=QUT1VHiLmmI
ace44fe78c2a4b050546484dd775bb75.txt,https://www.youtube.com/watch?v=SqhVpJSHuyI
80dbb4e8ae8f1d675f4a344252a4e0e5.txt,https://www.youtube.com/watch?v=KHoEbRH46Zk
2ea1fd1c3aab1e008cf4a056d5f2fa48.txt,https://www.youtube.com/watch?v=hH_cfhjijyg
14b8d372b9a58820d0cd852a15797af5.txt,https://www.youtube.com/watch?v=pjnW6aFqpnw
56793a60015419766e778389efb7562a.txt,https://www.youtube.com/watch?v=pBBuPumlnEc
77342408cb0207c8e37a067483028b35.txt,https://www.youtube.com/watch?v=zmsbqM7DtUw
40f838ca91b26f278164982fabd297f8.txt,https://www.youtube.com/watch?v=DkjCaAMBGWM
d91357ac1646ecd16843a300c82ecf3c.txt,https://www.youtube.com/watch?v=tRKeLrwfUgU
009f1714fa44ecb31d4e178bfe435abd.txt,https://www.youtube.com/watch?v=Xo5b2b51QAc
7a609ecc408c2635bc89dc25edd5f19a.txt,https://www.youtube.com/watch?v=Dp7mmXLfzD8
137a8a82d845f065084db61afa592f76.txt,https://www.youtube.com/watch?v=Uh2ebFW8OYM
faca1a5c2291c4256eb7b1084fa0604e.txt,https://www.youtube.com/watch?v=YgI94IRXySk
014509bd5ebf9bece0091cf9c29b4bad.txt,https://www.youtube.com/watch?v=FqcjKewJTQ0
93af75dad95dfbad02113907efcb935c.txt,https://www.youtube.com/watch?v=MWYRGLKMzAQ
4c0cbccdf3a0f8c925e2ca55d4c4e9e1.txt,https://www.youtube.com/watch?v=uRlik_-puEw
bc40c30577b74dd3ca8b508b51290efb.txt,https://www.youtube.com/watch?v=-oPuGc05Lxs
090b55a2d964cf57f5c15adaa0ad8722.txt,https://www.youtube.com/watch?v=QhD015WUMxE
e5b8de08432beec6c504f78ccadcac35.txt,https://www.youtube.com/watch?v=AaWaE2CEUF0
bb9fa9a36d030d026280beafc3df5261.txt,https://www.youtube.com/watch?v=EaGbS7eWSs0
bf3b9c5fdb2d155c2fe8d8b25ffec51c.txt,https://www.youtube.com/watch?v=uDr67HBIPz8
889b1393ecf0d94d0f1c505ae3c843e9.txt,https://www.youtube.com/watch?v=N3hQYiXppIs
8e1e52e845ce815aa2a7841a58c0cdb2.txt,https://www.youtube.com/watch?v=fCMrO_VzeL8
0a5fcda648a8fbdafff04503fc37463e.txt,https://www.youtube.com/watch?v=Cw2IvmWRcXs
9788bb8944b4a245178cfca70b2eae7c.txt,https://www.youtube.com/watch?v=A3gClkblXK8
56893657b740aac55afffe144bda9514.txt,https://www.youtube.com/watch?v=uFuIBjmDMCE
8961ac1ab2c80559b38b15adeff381df.txt,https://www.youtube.com/watch?v=NEuU1gaUyww
633ee85d4df66a5fd5c04bc447bab1d6.txt,https://www.youtube.com/watch?v=gvn8RIG38CM
fbd91bb18dcbe1589689735ae080381b.txt,https://www.youtube.com/watch?v=a9UrKTVEeZA
9be343ba58dbe3f8438ec128dfa7a442.txt,https://www.youtube.com/watch?v=DAQNHzOcO5A
fc828eb9270842a572ee565ae16a4edc.txt,https://www.youtube.com/watch?v=4O_o53ag3ag
87ba24c1f511bd7275e02e80624a1a09.txt,https://www.youtube.com/watch?v=ooqXQ37XHMM
c61335c258f21860df38c368d1a23ebe.txt,https://www.youtube.com/watch?v=0TNyVBdE2JE
6506c58cc3656249ab647a24fad035a0.txt,https://www.youtube.com/watch?v=LnGz20B3nTU
0cbf64698a37b0b2d0d603fe6e89c125.txt,https://www.youtube.com/watch?v=TLdXM0A7SR8
73bd3fde980c315cec0b50a6083d4eac.txt,https://www.youtube.com/watch?v=hwP7WQkmECE
e61da93291f0fbb91ce7e60ec7f93a6b.txt,https://www.youtube.com/watch?v=e9lnsKot_SQ
215b24b6c47862da39e5434b8c4e5f6f.txt,https://www.youtube.com/watch?v=0chZFIZLR_0
243caac530d0479bedc8badd3d6f7613.txt,https://www.youtube.com/watch?v=Q1kHG842HoI
4517c533e021bd1cf7cb9e96d540a7f0.txt,https://www.youtube.com/watch?v=k5D37W6h56o
5ddd140528497375eaa53846d454e13c.txt,https://www.youtube.com/watch?v=8lGpZkjnkt4
e61da93291f0fbb91ce7e60ec7f93a6b.txt,https://www.youtube.com/watch?v=e9lnsKot_SQ
a4122ebf80fb9061b9898086dc4e3862.txt,https://www.youtube.com/watch?v=nCKdihvneS0
088ba07c954136abcfffd1d4f539c75a.txt,https://www.youtube.com/watch?v=Yua0ual77RU
c7448e7e720c0bc186ac5481403fe070.txt,https://www.youtube.com/watch?v=IMrxB8Mq5KU
0bd6ec54834bb29cf029c0838f42a1ed.txt,https://www.youtube.com/watch?v=AUZkioRI-aA
2d7b70ff3f68fc21ca0c6591f7665d6d.txt,https://www.youtube.com/watch?v=EGIzJIfAy7g
c7ae8f39b512d3ff6f769ad9e448b6c6.txt,https://www.youtube.com/watch?v=aiqxOvBiRWU
d220d644e27a2a9e52132a9ea78b2c68.txt,https://www.youtube.com/watch?v=FHQq_zZz5ms
7067dc7bc17bfb72473d68da270ce925.txt,https://www.youtube.com/watch?v=Rs3Ne29ycgk
c72cb8c99cd152da5be8f9baba607d5c.txt,https://www.youtube.com/watch?v=8QL8N6BAREc
